original,abbreviation,count
perversity,perv,1
confounds,confnds,1
stimulate,stmlate,1
benchmarks,bchmark,1
puckered,pckrd,1
gingerbread,gingrbr,1
stakeholder,stkhldr,1
pessimists,pessimists,1
practiced,prctcd,1
industrial,ndstrl,1
instrumentation,instrumntation,1
deliberation,dlibatn,1
fossilized,foslizd,1
psychedelic,psych,1
heroines,Hrons,1
extracurricular,excurr,1
incidences,Incdncs,1
precipice,presipis,1
flinging,flingg,1
seabrook,seabrk,1
instructional,instnal,1
dogmatic,dgmtc,1
substandard,SUBST,1
wanderings,wndrngs,1
individualistic,indvduallistc,1
experiments,expnts,1
presumed,prsmd,1
deployed,dplyd,1
strutted,strtd,1
scrawled,scr,1
formulae,4mula,1
ministerial,ministrl,1
paparazzi,pprzi,1
rottweiler,rttweilr,1
benefactors,bnfctrs,1
exploration,exploration,1
pullover,pulovr,1
readable,Readble,1
catalina,catal'a,1
intrepid,intrpd,1
brighten,brigtn,1
multitude,mtd,1
professorial,prfssrial,1
mechanized,mech,1
restrained,strained,1
connelly,cnly,1
rockland,rl,1
inspiring,inspirin,1
fastballs,fstbls,1
journalists,JNST,1
concentrate,cnctrte,1
monolithic,mnlthc,1
disabled,dsbld,1
autopsies,autpse,1
adventurers,adventu,3
enrollments,enroll,1
insistent,insistnt,1
academically,acadclly,1
transmissions,trnsmss,5
detected,DETCTD,1
molested,mlstd,1
philippine,philpn,1
antarctica,ANTCA,1
appreciating,appr,1
homemaker,homemkr,1
empirically,emprcly,1
integrate,Intgrt,1
communicator,commctr,3
numerical,numrcal,1
opposition,oppostn,5
deranged,der'd,1
wachovia,wchovia,1
repentance,Reptnce,1
immobile,immob,1
victorian,vctrn,1
imparting,mprtng,1
trustworthy,tstwty,5
otherwise,othrws,1
formulating,frmltng,1
freelance,frlance,1
atmospheric,astmphrc,1
staunchest,staunch'st,1
mechanically,mechly.,1
egregious,egreg,1
unequivocally,Uneqivcly,1
colonization,colon,1
explicitly,xplct,1
typology,typlgy,1
empowering,empwring,1
escalated,escltd,1
playgrounds,PLAY,1
displaced,Displc,1
truthful,truthfl,1
traditionalists,trad'ists,1
chesapeake,chesapeak,1
diocesan,diocesn,1
reassuring,Ressring,1
authoritarian,authtarin,1
credentials,credntls,1
forestall,frstl,1
graduation,gradtn,4
molinari,mlnri,1
concerto,cncrto,1
schoolchildren,shlchilden,3
harmonica,hrmnca,1
dyslexia,dyslexia,1
carmaker,crmkr,1
tradeoff,trdoff,1
ordnance,odnc,1
dissolving,dsvng,1
kennedys,kenndys,1
interdependent,ntrdpdnt,2
industrialized,ind.,1
trustworthy,trstwthy,1
passageway,Pasagwy,1
implanting,impl'g,1
declination,DECNATON,1
enforcing,enfrcing,1
trumpeter,trmptr,1
provided,providd,1
educationally,educati,5
circumstance,crnmstn,5
burlesque,brles,1
flagship,FLSP,1
librarians,librs,1
eminently,emntly,1
flamboyant,flmbynt,1
interstellar,intrstl,12
homophobia,homofobia,1
bureaucrats,brcrts,1
expiring,exp'ng,1
newtonian,newt'n,1
congresses,congrs,1
congresswoman,cngswom,1
constitution,const,10
newfangled,newfngled,1
relatively,comparison,1
coalition,Cltn,1
injurious,injrs,1
lightweight,ltwght,1
evacuees,evacs,1
umbilical,Umbcl,1
discovers,d'vers,1
schoolmates,schlmts,1
panoramic,pnrmc,1
scripted,scrpted,1
rockdale,r'dale,1
marketing,keting,1
silenced,slncd,1
conductors,cdtrs,1
thievery,thvry,1
expeditions,expdtns,4
standing,stnding,1
mountainside,MNTNSIDE,1
locomotive,lcmtv,2
obligatory,oblgy,1
congresswoman,cngrswmn,1
suspensions,sspnsn,1
mulberry,Mubrry,1
obituary,obit,1
disposed,dspsd,1
nationalize,national,1
dwellers,dwlrs,1
underlies,ndrls,1
jacksons,jacksns,1
thermonuclear,thermnuc,1
professor,prof,1
stragglers,strglrs,1
decentralized,decentr,6
radioactive,rdiactiv,1
mcfadden,Faden,1
screenwriters,scrnwrtrs,1
kilometers,Km,1
internationally,internat.,1
nightlife,ntlif,1
shanghai,shnghai,1
approximated,approx'd,1
ruthlessness,rthlssnss,1
distributors,distrbtors,1
playfulness,PLAYFLNESS,1
retailers,retlrs,1
crackdown,crckdn,1
assimilate,asimil8,1
excitable,exitabl,1
commonly,cmnly,1
investigation,invstgtn,1
tightest,t.est,1
impulsively,imp'ly,1
bleaching,blechng,1
professors,prof,8
rainfall,RF,1
squadrons,sqrdrns,1
blackmail,blckml,1
treatable,trtble,1
kindergarten,kndrgrt,3
inspected,nspctd,1
manipulation,mnpltn,2
distracting,distraking,1
accelerating,acclg,1
attendees,attndees,1
circulation,cilat,1
preserves,prsvrs,1
popularly,pop,1
photogenic,Phtgnic,1
unsurprising,unsrprsng,1
wisconsin,wisc,1
fulfills,ffills,1
wrestlers,Wrestlr,1
totalizing,ttlzng,1
reconstitute,recon,1
restless,rtls,1
interpreter,ntrprtr,1
undergraduates,undergdts,1
convened,Cvd,1
splitting,splttng,1
homespun,hmspn,1
socialization,Socilztn,1
brochure,brchr,1
antiaircraft,ntiarcrft,1
graphically,grfly,1
reevaluation,look over,1
comprehensive,wide,1
emulating,emltg,1
apartments,aprtmnts,1
nonreligious,nonrel,1
nonproliferation,nonprolif,1
gigantic,ggntc,1
counterintelligence,countintel,1
seconded,scondd,1
interdependent,intdpnt,1
ironically,irncally,1
conscientiously,cnscntsly,1
spectacularly,spcry,1
pineapples,pnapp,1
sidekick,sdkck,1
coherently,chrnty,1
colonization,clnoztion,1
virginity,virgnat,1
conducive,condcv,1
unpacking,Unpkgn,1
oxidation,oxidatn,1
broached,Brachd,1
electrical,electri,2
unpleasantness,unplsnt.,1
panelists,pnlsts,1
fishbowl,fshbwl,1
figuring,fig'ng,1
honoring,honrng,1
sacrilege,s'ledge,1
exploration,xplration,2
watching,watcng,1
americana,AMRCANA,1
telescopes,scope,1
graduates,duates,1
acceleration,accel,4
bristling,brstlng,1
eyelashes,ilashs,1
independents,indie,1
smoldering,SMDNG,1
sorbonne,srbn,1
passersby,passrby,1
khamenei,kha,1
reiterated,reitrtd,1
inspector,inspctr,1
drunkenly,drnknly,1
relentless,rltlls,1
gratuitous,grtts,1
correspondents,corres'pts,1
academically,acadlly,3
embarcadero,mbrcadro,1
glimmering,glimring,1
unreliable,urliab,1
nightclubs,NC,1
deflecting,Dflectin,1
hurrying,hryg,1
incredibly,incre,1
reaching,reachng,1
distraught,DSTRAUGHT,1
crystals,crystal,1
greenwald,Grnwld,1
measurements,measrmnts,4
paranoid,prnd,1
pentecostal,pentcstl,1
rivalries,rivlrs,1
approvingly,apprvngly,1
instances,instcs,1
carleton,cltn,1
recognised,Regnisd,1
cartwheels,cartwhls,1
honorable,hnrble,1
manipulation,manption,1
sartorial,srtrl,1
caltrans,c-trans,1
colonization,colniztn,2
holloway,hollwy,1
impregnated,imprgntd,1
firefighters,ffghtrs,1
childcare,chldcr,1
armaments,armmts,1
jurisprudence,jurispr,7
acceleration,pelt,5
realization,realztn,1
scrapping,scrppng,1
springfield,spngfld,1
schoolchildren,schchln.,1
fleischer,flishr,1
emissaries,emsss,1
trapdoor,TRPDR,1
frenchmen,frnchmn,1
liberate,lbrat,1
detective,dtctv,1
extracurricular,xtracular,5
impersonating,mprsntng,1
carefree,crfre,1
underlining,underlin,1
foodborne,fdbrne,1
ferociously,Ferocisly,1
relinquished,rlnqshd,1
bestselling,bstselln,1
warriors,wariors,1
terrorizing,Trrz,1
biopsies,biops,1
terrible,terbl,1
multifaceted,multfactd,4
dismounted,Dsmntd,1
atmospheric,atmosphrc,1
assaults,asalts,1
irregular,Irrg,1
geopolitical,geopolit,1
manufacture,mftr,2
hangovers,hngvrs,1
terrorized,trrorizd,1
enrollments,enrllmn,2
experiments,experim,5
blackberry,Blkbry,1
faltered,fltred,1
thunderbolt,thndrblt,1
sprinted,sprntd,1
interlocutors,INL,1
somberly,smbrly,1
metaphorically,mtafrcly,1
enrichment,nrichmnt,1
observatory,obsrty,1
stalling,stalng,1
westward,wwrd,1
independent,IN,1
confines,Confnes,1
tributes,trbts,1
repulsed,rplsed,1
storefronts,strfrt,1
compartment,cmprtmnt,2
dispersing,dsprsng,1
itineraries,itnrs,1
uplifted,upliftd,1
bedeviled,bdvld,1
untapped,untapp'd,1
lifelike,lflk,1
emperors,wmprs,1
unfaithful,nfathfl,1
conceived,cncvd,1
vocational,vocal,1
scouring,scrg,1
profiling,profl'ng,1
reloading,rld,1
enrollments,enrlmnts,7
headdresses,hdrss,1
geologically,geolcly,1
oceanography,ocgpy,1
troubling,trobling,1
imbedded,imbdd,1
primordial,primodl,1
judicial,jdcl,1
parliamentary,parliamntry,2
fillmore,filmo,1
perpetuity,prptuty,1
perennial,prnl,1
stretcher,strchr,1
slashing,slshg,1
briefcase,brfcs,1
treaties,tretz,1
ethicist,ethst,1
youngsters,yougster,1
secondary,scndary,1
unabated,unbtd,1
camcorders,camcdrs,1
industrialized,indtlzed,2
democratization,democratiz,1
exploration,explrtn,6
shortcuts,shrtcts,1
meteorological,mtrlgcl,14
inflammation,inflamm,1
stifling,stflng,1
verdicts,verd,1
evidentiary,evidntry,1
reprimand,rprmn,1
instructional,instrctional,2
misusing,msusng,1
declaring,dclrng,1
injunction,ijctn,1
instinctual,instc,1
socialization,sociali,15
cumulative,cumltve,1
squatted,sqtd,1
musician,mscn,1
phonograph,phngrph,1
folklore,flklr,1
foolproof,flpr,1
meredith,mrdth,1
applicability,aplb,1
persistence,PRSTNCE,1
interpreted,ntrprtd,1
decentralized,dcntrlz,5
industrialized,indstrlzd,2
supersonics,supsnic,1
embargoes,mbrgos,1
collisions,collis,1
dateline,Dateln,1
involving,invlvng,1
blockades,b'ades,1
mechanically,mechani,4
undertaking,udtkg,1
dispersion,DISPRSN,1
astronomer,astrnmr,1
parliamentary,prlmntr,12
reinventing,reinvntg,1
scrubbing,scrbbin,1
municipality,muncplty,1
benighted,bkgtd,1
collaborating,COLABR,1
sympathetic,sympthtc,1
gymnasts,gymnsts,1
manipulated,manpltd,1
assortment,assortmt,1
automotive,automtv,2
confiscate,cnfscte,1
encircling,Ncrclng,1
rumsfeld,rf,1
purposes,prposes,1
currency,crrncy,1
dialogue,dialogue,1
preparations,preps,1
congresswoman,congressw,1
salutary,sltry,1
ultralight,ultrlgt,1
internally,ntrnally,1
sixteenth,sxtnth,1
screamed,scrmd,1
circumstance,circstnce,1
victorious,viktorus,1
internationally,intnly,7
titillating,TITLTNG,1
experiments,expts,1
combustion,comb,6
falsetto,flsto,1
inauguration,ingrtn,1
beckoned,beknd,1
urbanized,urbnzd,1
thriller,riller,1
treeless,3less,1
combustion,comstion,1
bragging,brgng,1
narrator,na'tor,1
stapleton,stpltn,1
legendary,legy,1
industrials,industrials,1
squandering,sqndrng,1
mailings,mlngs,1
grasslands,grsslnds,1
allowance,lllwnce,1
versatile,vers.,1
breakaway,brkwy,1
grandeur,grndur,1
acceleration,acc.,1
exasperated,Exaspratd,1
smithsonian,smthsnn,1
suggestively,sggstvely,1
neurology,neuro,1
speeches,talks,1
princeton,prnceton,1
remember,Rmbr,1
pyramids,prmds,1
murderous,mderous,1
pancreatic,pncretc,1
guidebook,gdebook,1
anonymous,annyms,1
differentiates,diffnts,1
bastille,btlle,1
sprawling,sprwlg,1
prolonging,prolongg,1
movements,MVEMNTS,1
educationally,edctnlly,1
juxtaposition,jxtpstn,1
pioneering,pionrng,1
constellations,cnstlatn,1
housekeeping,h'keeping,1
manufacturing,manring.,1
nationals,nationls,1
mickelson,mcklsn,1
imperatives,impratvs,1
transcriptions,trancecrptns,1
symbiotic,symbiotc,1
atmospheric,atmospheric,2
pictured,pictd,1
bestseller,bstsllr,1
experiments,exmts,2
enveloping,envlpng,1
constitute,constoot,1
challenger,chalengr,1
voltaire,voltair,1
flattened,flattnd,1
operative,op've,1
obedient,obnt,1
enrollments,nrlmnts,1
multimillionaire,MUTMIL,1
nutrition,ntrn,1
wisecracking,wisec'kng,1
paralysis,pryls,1
geopolitical,geopo,2
interstellar,inst,1
insurgencies,insrgs,1
militancy,mltancy,1
eschatological,schatolgcl,1
maneuverability,mnvblty,1
flopping,flppng,1
belittling,blttlng,1
illusion,illusn,1
helpings,hlpns,1
modulate,mdlate,1
horsepower,horsepo,1
unfinished,ufsd,1
socialization,socilzatn,2
regrettably,rgrtbly,1
internationally,intly,1
imminent,mminent,1
factions,factns,1
explorations,explor,2
march/april,mar/apr,1
accelerating,acclting,4
expeditions,xped,4
infiltrate,inflte,1
upstarts,upsrts,1
audiovisual,audivsl,1
mechanical,mechncl,1
binocular,Binculr,1
congregations,congratons,1
academically,academi,5
demonstrate,d'strate,1
industrialized,indlized,3
uninvited,uninvd,1
magnificent,magnct,1
approach,apprch,1
palatine,palatne,1
trustworthy,tswy,1
uncannily,uncnnly,1
samuelson,samlsn,1
unscheduled,nshdled,1
showplace,Shwplce,1
internationally,internly,1
dehumanizing,dhmnzing,1
comprehension,comp.,1
undisputed,undsptd,1
proprietary,Proppy,1
ominously,omi,1
theological,tlogical,1
forecasting,forecasting,1
ensnared,nsna,1
socialize,socials,1
industrial,indtrial,4
astrophysicists,asphys,1
planners,plnnrs,1
channing,Chnng,1
stratosphere,stra,1
interstellar,instlr,2
delineation,delintn,1
alternating,altnt,1
emissary,emss,1
villainous,vllns,1
appetizing,Apptzng,1
compartment,compart,5
grafting,grftg,1
mitterrand,francois,1
biennial,binnial,1
inhaling,inhl,1
compartment,compartment,1
obsidian,obs,1
appreciate,APPREC,1
manipulation,manplton,1
strangest,strangy,1
attaining,Atning,1
colonels,COL,1
experiments,exper,6
workplaces,work,1
extracurricular,xtrcrriculr,3
mounting,mntng,1
transmits,trnmts,1
molesters,Molstrs,1
propeller,prplr,1
gonorrhea,gnrha,1
echelons,Echlons,1
shatters,shtrs,1
sterling,strlng,1
lighters,lighters,1
convinced,convcd,1
auerbach,aurbsh,1
rezoning,zoning,1
iroquois,irqus,1
terrance,trnce,1
congresswoman,congrss,1
unharmed,unharmd,1
showering,shwrg,1
interacts,intracts,1
personas,p'snas,1
fortifications,ftcts,1
distinctive,dstnctv,1
slithering,Slthrng,1
refurbish,Refrb,1
reworked,rewk,1
confession,cnfssn,1
pathetic,pthetic,1
adventurers,advntrs,11
superintendents,sptndts,1
nomenclature,nomen,1
cataloged,ctlgd,1
twisting,twisin,1
intersections,intrsctns,1
observatory,obsvtry,2
crippled,Crpld,1
internationally,internationally,1
passages,Pssges,1
fleetwood,fltwd,1
importation,Mprtatn,1
expeditions,expedns,1
typifies,typifis,1
imagining,think,1
academically,acdmcly,1
insisting,instng,1
skyrocketing,skyrktg,1
solemnity,Slmty,1
foreigner,frigner,1
dictatorship,tyranni,1
martians,Mrtans,1
unexpected,uxptd,1
reaffirmed,rffmd,1
outmoded,outmoded,1
hypnotized,hpntzd,1
armistice,armist,1
mountain,mntain,1
altitudes,alttds,1
tearfully,trfly,1
conspirators,consprator,1
wildlife,wldlf,1
apprehended,aprd,1
privates,prvats,1
thoroughfares,Thurghfrs,1
professors,profs,10
otherworldly,o'worldly,1
wandered,wndred,1
christensen,ch'sen,1
whispers,whsprs,1
conquest,cnqst,1
massachusetts,msschssts,1
attaching,att'ng,1
manufacture,manufac,10
explores,explrs,1
persuade,prsde,1
occurring,ocrng,1
lemonade,nade,1
deregulate,drglt,1
decision,dcsion,1
plundering,pldrng,1
unwillingly,unwlgly,1
deprivation,dprvtn,1
theological,thelgicl,5
dumbstruck,dmbstrck,1
orchestrated,ORCHRTED,1
circumventing,crcmvntng,1
multinationals,mltntnls,1
archaeology,Archlogy,1
inducing,indcng,1
sectoral,Sectrl,1
exploration,explora,4
proportionate,prprtonate,1
scrabbling,scrblng,1
interstellar,intstlr,1
boutique,botq,1
technological,tech,1
opulence,opulc,1
reminiscence,reminisc,1
assailant,asslant,1
conspired,cnspred,1
approximate,approx,1
medalists,mdlist,1
exacerbated,excbtd,1
wistfully,wsfly,1
depleted,dpletd,1
slightest,slghtst,1
cannonball,canonbal,1
handfuls,hndfls,1
guerrilla,gurla,1
perceptible,percep,1
pipelines,Piplns,1
circumstance,crcmstance,1
eateries,eatres,1
memorabilia,memrbla,1
amazement,mazemt,1
shortages,shortgs,1
eradicated,eradicated,1
forwarding,fwdg,1
transferred,transfd,1
switched,swit,1
raincoat,rcoat,1
repealed,rpeld,1
kindergarten,kindrgarden,2
increment,incr,1
contained,Cont'd,1
vaseline,Vasln,1
filmmaker,flmker,1
academically,acdmcll,6
reassessment,reassmnt,1
saluting,Sltng,1
reaffirmation,refrmtn,1
handshakes,hanshak,1
exploration,explor,1
seatbelt,stblt,1
experiments,xpmts,4
premodern,premo,1
sunflower,sunflowr,1
opposition,opp'n,4
comprised,cmprisd,1
clinicians,clincns,1
contiguous,kontiguse,1
wizardry,Wzdry,1
sluggish,lifeless,1
prehistory,prehstry,1
extraterrestrial,et,21
rewrites,REWRTES,1
degenerate,degen,1
predation,prdtn,1
transportation,trans,7
watercress,wtrcrs,1
restraining,restraning,1
wildcats,wildc'ts,1
extracurricular,xtraclar,1
empathetic,mptht,1
ibuprofen,ibpfn,1
canisters,cnstr,1
legalizing,leglzing,1
encouragingly,encgly,1
waterfowl,H2Ofowl,1
vernacular,vrnaclr,1
amphetamines,amphtmns,1
portrays,prtrys,1
mismatched,msmtchd,1
sailboat,slbt,1
moderating,modratng,1
unvarnished,unv'd,1
maddeningly,madngly,1
convulsions,convulsions,1
babysitting,bbysiter,1
irrigated,irrgtd,1
discriminates,discmnts,1
survivors,svos,1
kindergarten,kinder,4
assemblies,asemblee,1
manufacturing,manu,1
jurassic,juras,1
animations,animatns,1
cleanliness,clnlnss,1
utilized,utlzed,1
shortfall,srtfl,1
freebies,frbees,1
colliding,cold,1
pretends,prtnds,1
projectors,prjrs,1
university,unity,3
bypassing,bypass'g,1
relocation,rlctn,1
faculties,faculty,1
sandwiches,sndwchs,1
procedures,prcedures,1
shivering,Shvring,1
waterman,waterm.n,1
internationally,intern,2
reentered,rentrd,1
fractions,Fracs,1
warranted,warnt,1
university,unvrsty,3
equivocal,quivocal,1
patronizing,ptrnzing,1
meteorological,meteological,1
dwindled,dwndld,1
perceived,pcvd,1
meridian,MRDN,1
suffocating,sfocatng,1
checkered,chckred,1
congresswoman,congwoman,1
signalled,signaled,1
roulette,rltte,1
microorganisms,microorgs,3
manufacture,manu,5
primitive,prmtv,1
arbiters,arbtrs,1
talkative,talk,1
collectible,Cllectble,1
disquieting,disqtng,1
tourniquet,tonq,1
university,univers,1
philosophy,Philphy,1
restaurateur,restorontor,1
detachment,dtchm,1
bombarded,bmbar'd,1
marginalized,marg'zd,1
attributes,attbs,1
submerged,submrgd,1
acceleration,accel'ation,1
monotone,monotn,1
instrumentation,intr'tation,1
applicants,Aplcnts,1
spokeswoman,spkswman,1
educating,edctng,1
corvallis,crvls,1
beginnings,bngg,1
bennington,benngtn,1
separateness,sprtness,1
infractions,Nfrctns,1
comprehension,comp'n,1
unproductive,nprductv,1
reinterpret,reintrprt,1
mosquitoes,mosqto,1
irritates,iritats,1
consequence,consquenc,1
alleviation,alvtin,1
permitted,Permitd,1
expeditions,trip,1
catheter,cathet,1
schoolchildren,schchdrn,3
siberian,sibrn,1
vaccines,vaccs,1
scathing,scthng,1
institution,insttutn,1
satirist,satirst,1
chernobyl,chrnobl,1
searches,srchs,1
charitable,Chrtbl,1
articulates,ARTICLTS,1
auctioning,aktiing,1
counterbalance,cntbal,1
observatory,observa,1
appraising,apprsng,1
genomics,Gnomcs,1
accelerating,acclrtg,2
sensibly,snsbly,1
borrower,borwr,1
indignant,indignant,1
thematically,thmtly,1
implicating,mplctng,1
dealership,dlrshp,1
accelerating,acclrtn,7
microorganisms,mcrrgns,8
refining,refng,1
cranberries,crnberrys,1
excavated,Xcvtd,1
treasure,Tresur,1
crackers,CRAKS,1
disintegration,distg,2
maximized,mxmizd,1
harmonies,hrmnies,1
middlebury,mddbury,1
peacefulness,pcfns,1
contends,cntnds,1
armenian,armnian,1
silhouette,slhett,1
protectionism,prtctonsm,1
headwaters,hdwtr,1
undergraduate,undergr,3
manipulation,manip,6
heathrow,Hrow,1
equation,Eqatn,1
europeans,europns,1
premonition,PREM,1
fantastic,fntstc,1
referencing,refncng,1
windshield,windshi,1
confluence,conflunc,1
censured,cnsrd,1
passageways,p'ways,1
unbeknownst,ubkwst,1
projectile,proj,1
instructional,instruc,3
hypocrites,hypcrtes,1
florists,flrsts,1
fluctuate,Flcate,1
investment,invstment,4
stephanie,steph,1
appearances,apcs,1
internationally,tianlly,1
expeditions,exped,7
probably,Proly,1
prepared,p'pard,1
mobility,mblty,1
hallucinating,hluctg,1
exception,excptn,1
extraterrestrial,extrtrr,4
ignoring,ignring,1
inconsiderate,incnsdr8,1
chrysler,car,1
resident,residnt,1
emblematic,emblmtc,1
windowpane,wndowpn,1
frothing,ftng,1
dictatorship,dictato,5
difficulty,dffclty,1
degraded,dgrdd,1
astrophysics,astphyscs,1
interstellar,intstel,2
terminal,tml,1
hermeneutic,hermenneutic,1
combustion,combtn,3
ontology,ontgy,1
occidental,occ,1
jingling,jnglng,1
indefatigable,indftgble,1
midwives,mdwivz,1
wastebasket,WSTBSKT,1
cheekbones,cheekbns,1
circumstance,circums,6
signifiers,sgnfirs,1
seamless,smlss,1
compartment,comprtmnt,1
formative,frmtiv,1
attended,attnded,1
coattails,coatails,1
anesthesia,asta,1
fallback,FB,1
compartment,cmptmnt,2
latrines,latrins,1
bitterness,btrnss,1
jurisprudence,jurisprud,1
transmissions,transmsn,1
reynolds,rynolds,1
ironclad,irncld,1
antisocial,ntso,1
supervised,Suprvsd,1
redouble,redbl,1
maneuvering,manuvrng,1
prohibited,prohib,1
brezhnev,brznv,1
scaffolding,SCAFNG,1
constitution,constit,8
disallowed,dsallwd,1
enforced,enfcd,1
illustrating,ill'g,1
courteous,cteous,1
minimalism,minilism,1
sotomayor,sotomyr,1
ascribes,Acrbs,1
boneless,bnlss,1
bedfellows,bedfllws,1
tireless,trlees,1
harmonic,hrmnc,1
illegitimacy,illgtm,1
nanosecond,nscnd,1
fingerprinted,fngrptd,1
worldcom,wrldcm,1
canterbury,canbry,1
overflowed,ofwd,1
investigates,invstgates,1
possibilities,posbts,1
paraffin,prfn,1
offensive,offend,1
depreciation,dpctn,1
devastate,devste,1
imitated,mtatd,1
undertaking,undrtkn,8
permanence,prnece,1
granddaughters,grddghtrs,1
jurisprudence,juri,1
localized,loca,1
simulates,sims,1
manipulation,mnpultion,1
contention,contention,1
imperialism,mperlsm,1
jurisprudence,jury,1
materialistic,matlistic,1
flogging,flg,1
backdrops,bkdrps,1
insanely,nsnly,1
composure,comp're,1
streamlining,stmlg,1
socialization,socialaz.,1
grasshopper,ghpr,1
matchups,mtchps,1
instructional,instrctnl,3
undergraduate,undrgrd,10
instructional,instruct,1
outlived,Otlv,1
constructivist,constructiv'st,1
instrumentation,instrmntatn,3
spinster,spnt,1
calculate,CAL,1
assignments,assigmts,1
sprinkled,sprnkled,1
greyhound,ghound,1
strength,strgth,1
pressing,prssng,1
paradise,Pards,1
wordlessly,wordlssly,1
electrical,elec,18
instructional,instructi,6
individualistic,indvlstc,1
antioxidants,antoxds,1
copernicus,Copnicus,1
celestial,Celestl,1
threatening,threatng,1
sparrows,sprow,1
nameplate,name,1
antidepressants,antdprssants,1
avuncular,avclr,1
snowmelt,s'melt,1
cavities,cavit's,1
brownback,brnbck,1
dealerships,dlrship,1
circumstance,circ,8
happiest,hpst,1
funniest,funnst,1
constellations,constellat,3
commuters,c'ters,1
academically,academ,1
discharge,Dischrg,1
sherrill,shrl,1
harassing,hrssng,1
markedly,mkdly,1
decentralized,dectrlzd.,1
basements,bsmts,1
wellesley,wellsly,1
expiration,xprtn,1
partnerships,partnshps,1
stratosphere,stratos,11
principals,prin,1
unsettled,unsetled,1
subtests,subts,1
biracial,birl,1
comprehension,cmprhns,1
florence,flrnc,1
devotions,devots,1
attacked,atakd,1
sledding,sled,1
renewable,rene,1
nineteenth,Nintnth,1
reminder,remder,1
visualization,viz,1
antiterrorism,ntitrorsm,1
frazzled,FZD,1
synthesizers,snthszrs,1
windshield,wndshild,2
enrollment,enrlmnt,1
bartering,brtring,1
disorientation,dsrntatn,1
constitutionality,cnstitnalty,1
backyards,bckyards,1
oftentimes,oftntms,1
plantations,plntatn,1
skinheads,skhe,1
appalachians,applchns,1
fluoride,f'ide,1
kindergarten,kndergrtn,1
fairways,f'ways,1
scheduled,shedld,1
occasionally,occly,1
polemical,plmc,1
cheekbone,chkbn,1
cultured,ctd,1
uninterested,unitnrstd,1
instrumentation,1strenrn,1
proactive,prctv,1
incoming,incmng,1
crawfish,crwfsh,1
dumpsters,DPSTR,1
combustion,combust,1
manipulator,Mnplr,1
multiply,milty,1
numerals,numr,1
connects,cncts,1
tightening,tgtng,1
undertaking,udrtkg,1
unmediated,umed,1
germantown,grmntwn,1
adventurers,advntu,1
assignments,asnmnts,1
lavatory,lav,1
incontrovertible,Ncntrvrtbl,1
demoralizing,demorlzg,1
sharpening,shrpng,1
auditioning,audng,1
countering,cnterng,1
punctuate,Pntuate,1
disarray,dsray,1
vaccinate,vacnte,1
physicality,phys,1
freaking,freak,1
atmospheric,atmospher,1
illuminated,illmintd,1
electrical,ele,1
microbial,MI,1
educates,educs.,1
anachronism,Anachrsm,1
complement,cmplmt,1
husbandry,hsbndry,1
militant,mlitnt,1
budgeting,budgeting,1
wheatley,whtly,1
baptized,bptzd,1
eradicate,rdicat,1
maintenance,mntnc,1
clintons,clntns,1
sleepiness,slpnss,1
evenings,eve,1
hyacinth,hycnth,1
enrollments,enrollments,2
chagrined,chagr,1
chuckling,chklng,1
reprisal,rpsl,1
instructional,instruonal,1
richland,rchland,1
underlines,ndrlns,1
cumberland,cmbrlnd,1
breeches,brch,1
lacquered,lacqrd,1
decidedly,decd,1
colonizing,colnzng,1
backtracking,backtrckng,1
database,dbs,1
claremont,cl'mont,1
intimately,intmatly,1
manipulation,mnpulation,1
unnecessarily,Unnesrly,1
refurbished,rfbsh,1
rapidity,rapdty,1
weightlessness,wtlesns,1
rotational,rotnl,1
university,univ.,1
spartans,sprtns,1
headliner,hdlnr,1
incandescent,Incadecent,1
bountiful,bntfl,1
gorgonzola,ggnzl,1
assignments,assign,6
motorola,rola,1
courageously,bravely,1
immunity,imty,1
ambulatory,ambtry,1
excommunicated,excommed,1
directorial,drectral,1
homilies,homys,1
geographically,geogrphcly,1
realized,rlzd,1
theological,theolog,3
rocketing,rocktng,1
individualistic,individualistic,1
horribly,hrbly,1
snickering,snckrng,1
coalitions,coaltns,1
unleashing,unlshng,1
frighteningly,frghtenly,1
orwellian,orwlln,1
recessed,ressed,1
extraordinaire,xtrdnr,1
coverings,cvrngs,1
broadside,BS,1
philosophies,phils,1
undertaking,ndrtkng,1
colonization,clnztn,1
dovetail,dvtl,1
outlandish,otlndsh,1
pickering,overliking,1
contours,Contr,1
encryption,ncrypt,1
schulman,SCHMAN,1
beforehand,bforhand,1
coordinators,coords,1
justifies,justfies,1
infiniti,infin,1
necessities,abrv,1
hundredth,hndth,1
unfolded,nfoldd,1
respectability,rspctblty,1
distaste,dstast,1
icelandic,iclndic,1
categories,atgs,1
decentralized,decentralized,1
likening,likng,1
unhurried,unhur'd,1
traditions,trditns,1
statesmen,stsmn,1
virginian,vrgnian,1
mongolia,Mnglia,1
crosshairs,crosh,1
constellations,consteltns,1
unearthly,nrthly,1
skyrocket,skyrokt,1
daydream,dadrm,1
riskiest,rskst,1
elective,Lctv,1
differentiated,diffenttd,1
investment,invest.,1
educationally,educlly,1
spectroscopy,spectrcpy,1
qualifies,QUFY,1
hijackings,hijkngs,1
subtitled,subld,1
definition,def,1
humphrey,humphrey,1
evocative,ecoctve,1
tolerances,tlrncs,1
industrial,ind,6
manipulation,manipul,7
planters,plntrs,1
principals,prpls,8
destinies,dstns,1
memorizing,memrzg,1
microsoft,mcrsft,1
democratization,demzation,3
despises,desp's,1
domestic,dmtc,1
automotive,automot,1
confectioners,cnfctnrs,1
doomsday,doomsd,1
parliamentary,prlamntry,1
observant,obs'vnt,1
fingernail,fngrnl,1
breathless,batls,1
dictatorship,dictatshp,1
neurotransmitters,neutrans,1
migrating,migrat.,1
unquestioned,unquestion,1
swallowed,swallwd,1
unsteady,UNSTDY,1
presents,prsnts,1
promising,proms,1
phillips,phllps,1
convenient,Convnt,1
galleria,gllra,1
communicator,com,4
spherical,sercl,1
jurisprudence,jrsprdence,1
conforms,CF,1
refinancing,refinanc'g,1
charlayne,chrlyne,1
interred,interd,1
mccartney,mcartny,1
appraisals,apprsls,1
instructional,instr,1
enrollment,enrollm,5
trustworthy,trstwrty,2
zippered,zippred,1
policies,polics,1
concepts,cpts,1
honestly,htly,1
collaborate,COLLAB,1
threshold,thrh,1
individualistic,individual,1
distinguishing,distinguishng,1
professors,profess,5
refineries,refinrs,1
amplitude,amptd,1
discrepancies,dscrpacies,1
prancing,prancn,1
atlantic,atlntc,1
constancy,cnstncy,1
may/june,may/june,1
manufacture,manuf.,1
spectacles,spctcls,1
handouts,hndots,1
liberated,lbrtd,1
laterally,ltaly,1
frugality,frglty,1
cuddling,cddlng,1
starship,strshp,1
invention,INV,1
rearview,rearvw,1
transcripts,TRNSCPTS,1
preferable,Prfrbl,1
missouri,mi,1
multifaceted,multi,1
clowning,clownng,1
flattening,dtng,1
electrode,lctrd,1
peacekeepers,peackprs,1
traitors,trtrs,1
kindergarten,kndgtn,1
stupidest,stpdst,1
undersea,underc,1
populism,popul'sm,1
senators,Sens,1
conferencing,frencing,1
unopened,unopnd,1
honorees,honre,1
incidentally,incidtly,1
detachable,det'ble,1
miserable,Misrble,1
reportedly,reportly,1
parlayed,parlyed,1
intrigued,ntrg,1
melodies,songs,1
philandering,phlandrng,1
preventing,prvntng,1
dynasties,Dyn,1
lutherans,luthrns,1
centerpiece,cnterpce,1
attributable,atrbtble,1
decadence,dcdnc,1
workshops,wksps,1
colonialism,colany,1
cambodia,cmbd,1
crandall,crndl,1
temperaments,tpmts,1
initially,inin,1
welcomes,wel,1
inflationary,inflati,1
veracity,VRCT,1
corrected,Crctd,1
inflationary,inflate,1
unloading,unldng,1
manufacture,manuf,1
depicting,dpctg,1
sheltering,sheltrng,1
atmospheric,atmosph,2
effluent,efluent,1
primarily,prmi,1
weirdness,wrdns,1
cheerfully,chrflly,1
harangue,haran,1
torrents,Tornts,1
unconstrained,unconstraind,1
messenger,msgr,1
communique,commnqe,1
exhortations,xhotatn,1
dictionaries,dctnres,1
manufacturing,mnfctring,1
crocheted,crochd,1
hinckley,hnkly,1
greatest,grtest,1
sicilian,scilian,1
sediments,sdmnts,1
gardeners,grdnrs,1
improving,mprvng,1
sophistication,sophcn,1
stereotype,strtyp,1
simmering,smmerng,1
subdivisions,Sbdvsn,1
benchmark,benmk,1
trundled,trndld,1
imperceptible,Imprcptble,1
smokestack,smkstck,1
socialization,socztion,1
sidelong,SdLng,1
unleashed,unlshed,1
delivery,del,1
grotesque,grotesk,1
therapies,Trpes,1
preeminent,prmnent,1
devoting,dvotng,1
nontoxic,nontxic,1
stressed,strsd,1
titanium,TN,1
hereafter,hereaftr,1
capitalists,captlsts,1
bethlehem,Bthlhm,1
ordinances,ordinncs,1
watchdogs,watchK9's,1
manufacturing,mftg,4
interdependent,interdep,2
fulfilling,Fulfilng,1
excusing,xqsng,1
pestering,Pstring,1
seventeen,7teen,1
breadwinner,bredwiner,1
portugal,portgl,1
unusable,unusbl,1
supersonic,sprsonc,1
breakfast,brkfst,1
undertaking,untak,1
geopolitical,geopoly,1
shouldnt,shdnt,1
tablecloth,tblclth,1
fisheries,fis,1
demolishing,dmlishin,1
composing,cmpsg,1
bulldozed,bulldzd,1
corroborated,Crrd,1
loosened,loosnd,1
wallpaper,wpapr,1
environmentally,Envmntly,1
lunatics,lunatcs,1
masturbation,mastbat,1
lieutenants,ltnts,1
urbanites,urbnits,1
inflationary,infltny,1
hardships,hrdshps,1
crawford,crwfrd,1
specifying,spcfyng,1
windshield,w'shield,1
postmortem,postmtm,1
neuromuscular,neurmusc,1
indianapolis,Inpolis,1
investors,INVST,1
feedback,Fdbk,1
overcook,ovrcook,1
congresswoman,congresswoman,1
comprehension,compreh,7
jurisprudence,jrsprdn,4
undergraduate,undrgt,1
suggesting,sggsting,1
inflationary,inflat,2
featured,feat'd,1
tomorrow,tmrw,1
researcher,res'cher,1
quizzical,quzcl,1
undergraduate,undgrad,1
moveable,MVBLE,1
leningrad,lngrd,1
graduation,grdtn,1
tribalism,trblsm,1
mcnamara,mcnma,1
contraception,cntrcptn,1
disadvantaged,disadvntgd,1
assigned,ass'd,1
consummation,cons,1
viciously,vishsly,1
blackouts,blkots,1
scarring,Scarg,1
parliamentary,parltary,2
templeton,TMPL,1
indolent,indlnt,1
heartfelt,hrtfl,1
dressing,drsng,1
enrollment,enrllmnt,3
southwest,sw,1
overtime,OT,1
wellspring,Wlsprng,1
enrollments,enrolmts,7
credentialed,crdtld,1
beginner,Bgginer,1
graduation,gradn,1
colonization,colonization,1
reputations,reputns,1
pleasure,plsure,1
demonstrator,dmnsttr,1
tantalizingly,tntlzngly,1
centrist,cntrst,1
remedial,remd,1
ballparks,bllprks,1
repossessed,REPO,1
underutilized,undrtlzd,1
mercedes,MERC,1
compliant,cmplnt,1
assertiveness,asrtns,1
letterhead,lttrhd,1
appreciatively,apprctvly,1
indecent,Indicnt,1
eventuality,evntlty,1
lumbered,lmbrd,1
incompatible,incmptble,1
undertaking,undrtaking,3
accelerating,acceler,4
excellency,exclncy,1
disintegration,dsntgrt,3
thrashed,thrs,1
colonies,COLNS,1
riverfront,rvfrnt,1
transmissions,tsmsns,1
complicated,cmctd,1
satisfactorily,satify,1
colonization,colnzation,3
hurricanes,hrcns,1
convincing,cnvncg,1
experimented,xprmnted,1
firmament,FMMT,1
twenties,20's,1
investment,invstmn,5
kendrick,kndrck,1
blatantly,Bl'tly,1
succession,succsn,1
investment,invstmt,3
factoring,factrng,1
analogies,anlg,1
communicates,kamunikates,1
divisions,dvzns,1
modernist,mdnst,1
justifying,jstfyng,1
telescopes,tlscp,1
overture,vrtre,1
monitors,mits,1
inexperienced,nxpenced,1
unimpressed,nmprsd,1
importer,mprtr,1
cellulose,celulos,1
disjointed,DJD,1
powdered,pwdrd,1
legalistic,lgl,1
filmmaking,filmmking,1
assignments,assignm,4
profited,profitd,1
industrialized,idtzd,1
barbarian,barbrn,1
redirected,rdrtcd,1
handheld,hheld,1
carbohydrates,Carbs,1
putative,pttv,1
university,univst,2
indoctrinated,indctrnatd,1
communicator,comcator,1
subatomic,sbtmc,1
trustworthy,trstwrt,5
episcopalian,epscpalian,1
retailing,retallng,1
loopholes,lphols,1
olfactory,olfty,1
disintegration,disinte,10
outsized,too big,1
undergraduate,ugrad.,1
unenviable,Unnvibl,1
industrialized,indstrialized,1
harvests,hvests,1
transplantation,trsnplntn,1
newlyweds,newweds,1
stoplights,stplghts,1
commended,comended,1
reticence,retic'ce,1
fermentation,fermentn,1
accelerating,accelerating,2
comprehension,cphs,2
conferring,confab,1
vehemently,vmently,1
huckleberry,hcklbrry,1
emphatic,emph'c,1
throwing,thrwg,1
dexterity,Dxtrty,1
jurisprudence,jurprud,1
principals,prncpls,9
discreet,dscrt,1
garnered,garnrd,1
freshman,frshmn,1
shuffling,shflng,1
unconscionable,unconsnbl,1
insuring,insrng,1
offstage,offstg,1
manipulating,manip,1
subtlety,sbty,1
inaccuracies,nacurcy,1
standard,std,1
theological,thelgcl,7
twinkling,Twnklng,1
sandalwood,sandwood,1
opposition,oppstn,2
assignments,asigmnts,1
nibbling,niblin,1
irreverence,irreverence,1
bicycles,byckol,1
simulators,smltrs,1
populate,Popul8,1
decadent,decdent,1
inspectors,inspctrs,1
competent,cmpetnt,1
microorganisms,microor,3
wrestling,wrstlng,1
prohibition,prohbtn,1
disintegration,dsntgrtn,1
ambiguous,ambig,1
esperanza,Espranzr,1
triumphs,triumfs,1
diminish,dmnsh,1
rendered,Rndrd,1
untested,Untsted,1
criticizing,crtczing,1
countryside,cntrysd,1
windmills,wndmills,1
emporium,emprm,1
requesting,rqstg,1
painters,Pnters,1
glowered,glowd,1
assistants,assts,1
unplanned,unplnd,1
congresswoman,congres,4
carlsbad,CLSD,1
carcinoma,crcm,1
coaching,cochng,1
mixtures,mxtrs,1
parliamentary,parl,1
adventurers,advers,2
obstetricians,obtns,1
experiments,exp,2
protrude,protrud,1
reverberates,RVRB,1
counterparts,countp,1
extracurricular,extcur,1
tranquillity,trnqlty,1
woodstock,WDSTK,1
overstate,ovrst8,1
pacifier,pacifier,1
explorations,expls,1
reserving,resrvng,1
magnolias,mgnols,1
lifelong,liflng,1
comprehensive,compreh,3
industrial,indstl,1
undertaken,undert'n,1
inconsequential,incnql,1
emphasize,emphas'ze,1
ticklish,ticlish,1
opposite,opisit,1
extraterrestrial,extrater,1
demarcated,marcated,1
responders,rspnders,1
harvesting,Hrvstng,1
turnbull,turnbul,1
consciences,Cnsnces,1
geopolitical,geopol,6
recycles,rcycl,1
modernize,mdrnz,1
initiative,nitiatv,1
typewriters,TYPEWRTS,1
manufacturing,mnfctrn,6
undertaking,undtak,1
horseshoes,hrsshs,1
settling,Stg,1
mimicked,mimked,1
industrialized,ind'ized,1
postponing,pstpning,1
humanistic,uministik,1
manifold,MNIF,1
unprotected,unprtctd,1
nonverbal,nnval,1
californians,calis,1
manufacturing,mfg,2
heroically,hrclly,1
pensacola,pnscla,1
hijacking,HIJKNG,1
maligned,mal,1
stretches,strechs,1
intimacy,intmcy,1
suffering,sffrng,1
identically,dntclly,1
socialite,social,1
imperial,imprl,1
efficiently,eff,1
services,srvcs,1
sensitive,snsitiv,1
ballooning,balloonng,1
knuckles,kcls,1
indicate,point,1
combustion,cbn,1
paraplegic,paraplegic,1
mechanic,Mec,1
predicted,pdtd,1
monogamous,monogms,1
gobbling,gobling,1
venturing,vntrng,1
mystique,mystque,1
engravings,ngrvgs,1
communicative,comunikaytiv,1
playmates,plymt,1
pickings,pckngs,1
youngstown,yungstwn,1
communally,comunly,1
nightgown,Ngthgn,1
workmanship,wrkmnshp,1
instrumentation,instrumentation,2
uncommitted,uncom,1
rearranged,rearrngd,1
righting,rtng,1
videotapes,v.tapes,1
storeroom,strm,1
screening,Scrng,1
unifying,Unifyng,1
recurring,recurn,1
congregants,CNGR,1
bridesmaids,bridmd,1
bluebird,blbd,1
ingratiating,ingrate,1
cabinetry,cabintry,1
constitution,consttn,1
mechanically,mech.,2
vastness,vstness,1
circumstance,crcstance,2
academically,acadally,1
magnesium,magknesum,1
zimmerman,zimman,1
quilting,qltg,1
deleting,dlting,1
multifaceted,multifa,6
possession,POSS,1
nonbelievers,nonblvrs,1
usefulness,Usflns,1
sneaking,snking,1
interiors,intery,1
socialization,socialztn,3
observatory,obstory,6
essentials,esstls,1
dramatize,drmatz,1
locations,locatns,1
filigree,filgre,1
financing,fnc,1
romanticism,romtiz,1
epistemological,epistmlgcl,1
transmissions,transmisses,3
frustrations,frusts,1
pervades,p'vades,1
blinding,blindng,1
gentlemanly,gntmnly,1
intercede,intercd,1
dissemination,disemntn,1
partnership,partnshp,1
operandi,oprndi,1
spokespeople,Spokspple,1
televised,tvzd,1
partisan,biased,1
mechanically,mechy,3
residency,home,1
disclaimer,disclr,1
brownsville,brwnvl,1
nationality,Ntnality,1
realistic,rlistc,1
enrollment,enrlmt,2
elaborated,elabrtd,1
discipleship,discipshp,1
combustion,cmbstn,3
workbench,wbnch,1
freeport,FPT,1
prodigal,prdgl,1
capabilities,cpblts,1
apotheosis,apoth.,1
diaspora,dspr,1
enrollment,enrol,1
rosenthal,rsnthl,1
industrialized,industry,1
monarchs,monch,1
bemoaning,bmonng,1
positioning,Pstng,1
meteorological,met,3
predictor,prdctr,1
industrialized,industri,4
internationally,intnatnal,1
allocated,alltd,1
compressed,cmprsd,1
capitalized,Capzed,1
illustrate,Illustr8,1
interlaced,interl'd,1
tasteless,tastlss,1
collaborative,collab,1
invoices,invies,1
interrogators,intrgtrs,1
declined,dclnd,1
impassively,mpssivly,1
assignments,asmts,2
postures,pstrs,1
preconceptions,prcptns,1
hospitable,Hptb,1
specialists,spcists,1
fairness,fairnss,1
congresswoman,cngrssw,8
adventurers,advnturers,2
railways,rlwys,1
conservator,servator,1
scrutinize,scrtniz,1
lawmaking,lmak,1
conscripts,cnscrpts,1
subsidizing,subsdzg,1
flirting,flrting,1
bacterium,bact'm,1
prohibitively,prohib,1
cirrhosis,crosis,1
napoleonic,nplc,1
astounded,astoundd,1
parliamentary,palmnts,1
knoxville,knxvll,1
geothermal,Gethmal,1
undergraduates,undrgraduats,4
summarily,sumly,1
claustrophobia,claustrphb,1
yellowstone,yelltn,1
suspension,sispnshin,1
manipulation,manpltn,2
cracking,crkng,1
definitive,defintv,1
intermission,ntrmssn,1
portfolio,prtflio,1
brussels,busls,1
pedestrians,ped,1
streetcars,Stcrs,1
singular,snglr,1
academically,acadmly,1
shredding,SHRDNG,1
knickers,knickrs,1
publishing,pblshng,1
mustered,mustrd,1
springer,SPGR,1
progression,prgressn,1
douglass,dglas,1
dignitaries,dgntr,1
handkerchief,hank,1
succumbing,SUCMB,1
staircases,strcses,1
stretched,strched,1
understatement,undrstatmnt,1
pleasures,Plrs,1
polypropylene,plyplen,1
generalization,genrlisatin,1
impulses,implses,1
serviceman,srvicemn,1
democratization,democrtztn,1
undermined,und,1
pleading,plding,1
approved,aprrvd,1
wordless,w'less,1
yorkshire,Yokshre,1
assuring,asurng,1
tutorials,Tutrials,1
ventilator,vntlatr,1
velocities,vels,1
undesirable,undsrble,1
assignments,assments,1
cataracts,pscc,1
crucifixion,crucifxn,1
sidestepped,sdstp'd,1
selectively,selectvly,1
freshness,freshn,1
atmospheric,atmos,2
nutritionists,ntrnst,1
continental,cntinntl,1
separatist,sep'tist,1
endocrinologist,endrocrinolgy,1
indecipherable,indcphbl,1
bargained,Bargned,1
language,Lngge,1
windshield,winshld,1
wiggling,wiggling,1
skepticism,skptcm,1
underrated,undrated,1
combustion,combstn,5
existence,xistnc,1
marlboro,mrlbro,1
regulating,reg,1
perpetrators,perp,1
atrophied,atrofied,1
instrumentation,instr,2
derisive,dersv,1
dictatorship,dcttrsh,8
manufacturing,mf,1
gubernatorial,gubrntial,1
theorize,theerise,1
doctorates,doctr8s,1
individualistic,individ,6
unequaled,ueqld,1
undisturbed,undstrbd,1
punching,pnching,1
overexposed,overex'd,1
sportswriter,sportriter,1
rollback,Rllbk,1
instructional,instrct,1
communications,commctns,1
prosecutions,prscutns,1
liquidated,lquidated,1
attribute,attbte,1
preferred,Prefd,1
repositioning,rpstionin,1
climbing,clmbing,1
managing,mng,1
incinerated,incinratd,1
unleaded,unl,1
interfere,intrfr,1
quintessentially,qntssntlly,1
marjorie,majory,1
birdsong,brdsng,1
improvisation,improv,1
cultivars,culti,1
reassess,REASS,1
bloodbath,bludbth,1
subcontractor,subcntrctr,1
midfield,mdfld,1
classify,clsfy,1
hindquarters,hidqrts,1
constellations,constlations,3
eisenhower,eisenhwr,1
electrical,elecl,5
distilled,distld,1
apologies,plgys,1
mastered,mastered,1
volunteers,vlts,1
subgroup,subgp,1
incorrigible,incrrgble,1
profanity,pfnty,1
atmospheric,atm.,1
generality,gnrlty,1
sleepwalking,slpwlkng,1
anointed,anointd,1
fondness,fndns,1
dramatically,drmtclly,1
saxophone,sax,1
explicate,xplic,1
meticulous,Mticlus,1
manipulation,mnpltn.,1
powerpoint,powerpt,1
populations,popltns,1
strikeout,strike,1
totality,totlty,1
forcefully,forcly,1
explorations,xplortns,3
diversion,divrson,1
disappearing,dsaprng,1
comprehensive,comp,14
positing,posit,1
referred,rfrd,1
housekeeper,housekeeper,1
bothering,bodring,1
clumsiness,Clmsins,1
watchman,wtchmn,1
attempts,attmpts,1
socialization,socializ,1
gimmicks,Gmmks,1
warheads,wrhds,1
restroom,wstrom,1
cluttered,Clutrd,1
transmissions,transmsns,1
watermelons,wtml,1
preschool,prschl,1
refreshing,rfrshng,1
bursting,bst,1
internationally,intrntn,6
academically,acdmlly,1
football,f'ball,1
vehemence,vhemnc,1
drunkard,drunkd,1
multifaceted,mltfctd,9
heirlooms,hirloms,1
deductible,dtuable,1
indictments,Indcmts,1
spearhead,sphd,1
skeptical,skptl,1
reproducing,reproducng,1
conjures,conjrs,1
chauncey,choh,1
optimized,optmzd,1
falsifying,falsifyn,1
regularly,Regulrly,1
university,univ,4
geopolitical,gepltcl,2
reflexes,refxs,1
archeology,Arcolgy,1
shortens,shrtn,1
july/august,jul/aug,1
apartheid,APRTHED,1
encouraged,encgd,1
masterpieces,Mstrpies,1
inconceivable,ncnceivble,1
remittances,remittans,1
permeated,meated,1
disregarded,Dsregrdd,1
invitations,invtatns,1
rightness,rightns,1
brazenly,brazly,1
temporally,vary,1
hundreds,hndrds,1
expanding,xpandng,1
earnings,earn,1
engendered,engendrd,1
strident,stridnt,1
integrative,intgrtve,1
pollination,pollnatn,1
quarreled,qrrld,1
forgiving,frgvng,1
strapping,strppng,1
uninvolved,uninvlvd,1
microorganisms,micrognsms,1
crumpling,crumps,1
cringing,crng,1
floundering,flud,1
frenzied,frnzd,1
impeccably,impecbly,1
wariness,warinss,1
disinclined,Dsnclnd,1
classrooms,csrms,1
subsidizes,Sbsds,1
observatory,obsrvtr,7
winemaker,wnmkr,1
prayerful,pryrfl,1
dramatized,drmatzd,1
calculus,calc,1
incursion,ncrsn,1
distinctly,dstctly,1
heavenly,hvnly,1
disillusioned,Dlusnd,1
ballooned,baloond,1
floridians,flrdians,1
harnesses,hrnss,1
stabilization,stblizatn,1
consensus,consen.,1
pummeling,pmling,1
convection,cnvction,1
discontinued,dscntd,1
alternative,ALTV,1
acceleration,acclrtn,1
decentralized,dcentzd,1
socialization,soclztn,2
motorcycle,mtrc,1
breakthrough,brkthr,1
meanings,Mnings,1
extracurricular,extracrcula,1
colombia,clmbia,1
meteorological,meteorolog,1
manifests,mnifsts,1
futilely,futile,1
interrelated,intrrlted,1
locomotive,loco,14
normalized,nrmlzd,1
coworkers,coworks,1
reactors,Rctors,1
karadzic,krdzc,1
festival,fest,1
encourages,encrgs,1
clotting,cltng,1
walkways,wlkwys,1
circumstance,circmstnc,1
deformity,dformty,1
festooned,festooned,1
fantasia,FT,1
scholarship,schlrshp,1
pamphlet,pmplt,1
opposition,ppstn,1
collegial,kilegel,1
satellites,satllts,4
numbness,numnes,1
centrally,cntrly,1
scientific,scifc,1
persecution,pers'n,1
ingredients,indts,1
respondent,rspndnt,1
individuals,indvduals,1
considering,cnsiderng,1
comptroller,Cmptrolr,1
precarious,prcrs,1
enchantment,chantment,1
fredricka,frdrcka,1
processed,pross,1
internationally,interntly,1
election,elect,1
investments,INVSTS,1
reticent,rtct,1
genetics,genetcs,1
dominance,dmnce,1
dartmouth,drtmth,1
landlocked,enclosed,1
palpable,plpble,1
investigate,INVGTE,1
freighters,frtrs,1
rediscovered,Redsvrd,1
radicalism,rdicalsm,1
enrollment,'rolment,3
repelling,rpllng,1
fleeting,fletng,1
bodybuilder,BB,1
inducted,indctd,1
rewriting,rewrtng,1
communicator,cmmnctr,5
satellites,sat,2
priesthood,prsth'd,1
overhead,ovhe,1
reconcile,rcncl,1
isolationism,islatnism,1
automotive,autom,1
olympics,olympcs,1
scooping,scpng,1
blizzards,blzrds,1
emaciated,emactd,1
rejecting,rject,1
mayflower,maflwr,1
favorites,fvrites,1
explorations,explora,7
sparking,sprkg,1
photovoltaic,phovo,1
percentages,perctgs,1
trampoline,tramplne,1
spectrum,spctrm,1
congresswoman,congrsswomn,4
discredited,dscrdtd,1
communicator,cmmtr,1
intransigent,intrnsig,1
microorganisms,microorg,1
semester,smstr,1
overseer,overseer,1
condensing,condensing,1
wingspan,wngspn,1
graduation,gradutn,5
persuasively,prsuasvly,1
schooner,sch'r,1
streetwise,strtws,1
wolfowitz,wflwz,1
citigroup,ctygrp,1
headlights,hdlghts,1
diversity,divrsty,1
monochrome,mnchrm,1
constitution,constitution,2
democratization,democ,5
communicator,communi,3
glittery,glttry,1
lufthansa,lufth,1
embroidery,mbroidry,1
womanizer,womnzr,1
catalysts,catlysts,1
therapist,thrpst,1
severing,severn,1
befallen,BFLN,1
keystone,kystn,1
misconduct,mscondct,1
appetites,apptts,1
vagueness,vaguenss,1
announced,announcd,1
referent,refrnt,1
seasonings,seasngs,1
furthers,thers,1
combustion,combustion,1
escaping,scpng,1
benefitted,benftd,1
horsepower,hp,17
sunblock,sblck,1
telescopes,tscopes,4
colonization,clnzn,2
constellations,constelatns,1
distinguishable,dsgbl,1
carpenter,crpntr,1
amplification,apfcon,1
expectancy,xpctancy,1
directors,dctrs,1
caressed,cares,1
frontline,frntlne,1
caregivers,caregrs,1
circling,Cirlng,1
fascinated,fascinated,1
pragmatism,prgmtsm,1
ophthalmology,Opth,1
exteriors,Xtrirs,1
occupations,occuptns,1
canoeing,caneng,1
preprogrammed,preprgmd,1
nonchalantly,NONCHLTLY,1
brokerage,brkrge,1
vertebrae,vertbrae,1
geithner,GTHN,1
atmospheric,atmpheric,3
prerecorded,prerec,1
wheelbarrow,barrow,1
humanize,humnze,1
satellites,sats,1
anathema,anathema,1
undermining,undrmning,1
interstellar,intrstlr,2
farcical,frcl,1
farmhouses,frmhses,1
polishes,Plishs,1
satellites,sate,2
congresswoman,cgrswm,1
reconstructions,reconstrcions,1
dealerships,dlrships,4
staggers,stagrs,1
kirkpatrick,kirpatrik,1
painstaking,painstkng,1
colonization,colnztn,1
innocuous,inocus,1
berliner,berlinr,1
manufacturing,build,5
misinformed,msnfrmd,1
erecting,erctng,1
specification,specs,1
midlevel,mdlvl,1
satellites,stlts,8
reciprocity,recprocty,1
pluralist,Plrlst,1
portland,port,1
fulfillment,fulfillmnt,1
astonishment,atsmt,1
schoolchildren,schlchld,2
presenting,prsentng,1
exporters,exprtrs,1
mainstays,m'nstays,1
prospecting,prsp,1
schwartz,shwtz,1
mechanical,mech,12
unfriendly,unfrndly,1
besotted,bsotd,1
roadblock,rdblck,1
pardoned,pard,1
temporality,tmprlty,1
adventurers,venturer,1
orchestral,orchstral,1
disintegration,disint,8
acceleration,acclrtion,1
enforces,enfs,1
enlistment,enlist,1
torpedoes,torp,1
constricted,cnstrictd,1
earnestness,earnestn's,1
prestige,PRES,1
nothingness,nthns,1
monofilament,monoflmnt,1
coordinating,codtg,1
henderson,hndrsn,1
hypothesize,hyptsz,1
numerically,NUMLLY,1
compartment,comp.,1
constellations,cnstlns,1
federated,fdrtd,1
pedestrians,pdstrns,5
hardaway,hrdwy,1
transmissions,transons,1
counseled,Counsld,1
rigidity,rgdty,1
observatory,obsrvatry,1
jonbenet,jonbnay,1
compartment,compartm,2
disintegration,disinteg,2
transfusions,trfsns,1
immemorial,imm'l,1
cheerfulness,chf,1
transport,t'sport,1
variability,variability,1
bedraggled,bedragged,1
premised,prmsd,1
machiavelli,machaveli,1
trudging,trdgng,1
forwards,Fwds,1
testified,testfd,1
avalanche,avlnch,1
apertures,aprtrs,1
petunias,ptnias,1
revisionism,rvsnsm,1
attributing,atribut,1
shenanigans,shnanigns,1
compartment,compt,4
matriarch,mtrh,1
devoutly,dvtly,1
customization,cstmiztn,1
croaking,crokng,1
educationally,edctnll,5
recurrent,recur't,1
daydreaming,daydream,1
combustion,cmb,1
comprehension,compre,1
secretive,secrtv,1
satisfactions,Stisfctn,1
compartment,comp,4
sarcastically,sarcasticly,1
multifaceted,multifcted,2
blustery,blus,1
vineyard,vnyrd,1
photojournalist,fotojouno,1
undergraduate,undergrad,8
hobbling,hblg,1
holbrooke,holbrook,1
aphrodisiac,aphrdsc,1
released,rel.,1
newborns,Nwbrns,1
subtraction,subtn,1
outlying,outlyg,1
mandated,mndted,1
contribution,contribn,1
forceful,forcful,1
anatomic,antmic,1
superiority,sprty,1
commercials,cmmrcls,1
biography,bio,1
laboratory,labrtory,1
primates,primts,1
surgeries,SGR,1
individualistic,indivd,1
combined,cmbnd,1
appleton,aptln,1
barrymore,barmo,1
birthday,brthdy,1
birthmark,brthmrk,1
plaguing,plgng,1
marshall,Mrshl,1
improprieties,improp,1
electrical,elctrcl,1
sarajevo,Srjvo,1
salacious,salcous,1
complexes,cmplxs,1
underperforming,poor results,1
assertive,asrtv,1
signpost,SNPOST,1
deflected,dflctd,1
garnering,GANERNG,1
windward,wndwd,1
constellations,constels,1
stewards,stwrds,1
installs,instlls,1
compartment,cmprtmn,3
wrongfully,wrong,1
unbeaten,nbten,1
crevices,crvises,1
extracurricular,extrcuricla,1
chuckles,Cks,1
mistreated,mistreatd,1
essayist,easyst,1
reinhardt,rinhrdt,1
sarandon,sarandon,1
pediatrics,pdtc,1
reptilian,rptlin,1
subcontractors,subbies,1
gunnison,gunson,1
ineffable,beynd description,1
averting,avrting,1
overlays,ovrlys,1
attitudes,tudes,1
somerset,somaset,1
settlers,stls,1
bridgeport,brdgport,1
dictatorship,dship,2
refuting,refutin,1
postdoctoral,pstdoct,1
lieberman,libman,1
culinary,cul,1
francois,francs,1
combustion,cmbustn,1
academically,acad,8
forerunner,4rnnr,1
unflattering,unflttrng,1
corporeal,crpreal,1
lodgings,ldgngs,1
scavengers,scvngers,1
mitochondrial,mitochndrl,1
forensics,fornscs,1
straddles,stradls,1
unforgiving,unfgvg,1
nuisance,nusnce,1
preening,Prengn,1
stitching,sewing,1
mcedwards,mcdwards,1
ambulances,ambulances,1
barrington,brrgt,1
famished,famshd,1
fugitives,fgtives,1
quizzically,qzclly,1
communicator,comm,4
newlywed,nwlywed,1
molecular,mlcr,1
accelerating,accelerate,1
succeeding,scdng,1
unheeded,Unhded,1
impersonal,Impnal,1
programmers,prgrmrs,1
shortage,shtag,1
intimations,Intmatns,1
contradictory,contrdictry,1
investigative,invstgtv,1
parliamentary,p'mentary,1
donating,dontg,1
forebears,fb,1
expeditions,expedit,9
collisions,collisns,1
undertaking,underta,3
industrializing,ndusrializn,1
existing,xstng,1
ordination,ordanaton,1
stratosphere,strtsph,1
industrialized,industrial,3
manipulation,mnipltn,1
misshapen,mishapn,1
decentralized,decentlzd,2
witnessing,WTNing,1
clicking,click,1
placement,placmnt,1
ceaseless,cesls,1
opposition,opp,9
corporations,corpts,1
electrodes,elect'des,1
acceleration,acceler,2
motorcycles,mtrcyls,1
developer,Devlpr,1
onslaught,onslght,1
guidebooks,g-books,1
tampering,tmprng,1
occupancy,occup,1
multiyear,mltiyr,1
dissolve,dsslv,1
switzerland,swiss,1
transportation,transp,8
archaeological,archlgcl,1
salesman,slsmn,1
collisions,collsns,7
hemoglobin,hemoglob,1
francine,francn,1
sneering,snrg,1
whittled,whttld,1
candidly,Candly,1
sideways,turn,1
leisurely,lsurely,1
confronted,confrntd,1
claimants,claimnts,1
toothpick,Tthpck,1
hazelnuts,hzlnuts,1
disenchanted,dsnchntd,1
conservatory,consv.,1
foresees,4sees,1
excerpted,xcrptd,1
bucharest,bhcrst,1
fluorescent,floescent,1
qualifiers,qf,1
rational,RANL,1
propensity,propnsty,1
fireworks,firworks,1
tethered,tthrd,1
multiplicity,mltiplcty,1
viewpoint,vwpt,1
dismayed,dsmyd,1
appendages,APP,1
expatriate,expatr8,1
schoolchildren,schooch,3
daimlerchrysler,dmlrchryslr,1
transmissions,trnmssons,1
enrollments,enrolmnts,2
womanizing,wmzg,1
extracurricular,extracu,5
smattering,smattrg,1
telescopes,tlscpes,4
variables,vari,1
aquifers,aqufers,1
makeover,Mkovr,1
undeserving,undsvg,1
kindergarten,kinderg,7
retooled,rtoold,1
dealerships,dlrshps,11
manufacture,mfr,1
premieres,prmrs,1
representations,stand for,1
obsolescence,bslscnc,1
opposites,opsits,1
constitution,cnstn,1
manufacture,mfg,1
amusements,amsmnts,1
schoolchildren,schch,5
voyeuristic,voyristic,1
chirping,chrpng,1
confirmed,cnfrmd,1
socialization,socialztion,2
neighbor,Negbor,1
substitution,sbstit,1
everyman,vrymn,1
budweiser,bud,1
thoughtless,TL,1
spacious,Spcius,1
countertop,cnrtp,1
decentralized,dcentralzd,1
reproduced,rprdcd,1
symbolically,symbolcly,1
plundered,plndrd,1
overheating,ovrhting,1
deregulated,Drgul8fd,1
industrialized,industr,1
jurisprudence,jurisurence,2
investment,invment,1
utterance,uttrance,1
undergraduates,undergrad,6
constellations,cnstlat,5
heretical,Htical,1
budapest,Bdpst,1
disintegrates,dsintgrats,1
asymmetry,asemitre,1
schreiber,scheirbr,1
cataract,ctct,1
centralized,cntrlzd,1
farewells,frwls,1
indefensible,indfensble,1
graduation,graduat,1
retraction,ret'n,1
preferring,PREF,1
willingness,WLNGNS,1
continents,cntnts,1
princely,prncly,1
digitized,igitzed,1
blissfully,blisflly,1
schoolchildren,sc ch,1
lavender,Lav.,1
handicaps,hcaps,1
fascinating,fasc'g,1
kristine,krsten,1
authentic,auth.,1
unchanging,unchngng,1
banquets,bnqts,1
ecologists,eclgsts,1
ancients,ancis,1
enterprise,ent,1
ambitions,ambtions,1
interdependent,interdpndnt,1
centenary,cntnary,1
machines,mchns,1
efficacious,effccus,1
criticize,crtcz,1
atypical,atypcl,1
academically,acadmcly,1
internationalization,ntrntnlztn,1
clinking,clnkng,1
didactic,didactic,1
englishmen,englshmen,1
autoimmune,atmmn,1
perilously,Perilosly,1
thinness,thnnss,1
progressively,prgssvly,1
judiciously,judcsly,1
solutions,sltns,1
listlessly,listlesly,1
individualistic,indvdstc,1
incremental,incrmntal,1
qualified,alfd,1
painless,pnlss,1
divisiveness,dvsvnss,1
odysseus,Odyseus,1
manufacturing,manufac,2
instrumentation,instrumental,2
congresswoman,congrsswman,1
hamstrings,amstrngs,1
retracted,retractd,1
manufacturing,m'facturing,1
informant,infrmnt,1
meteorological,meteoro,1
snorting,snrtng,1
dimension,dmnsn,1
unnerving,unnrvg,1
wolfgang,wlfgng,1
complaints,compl,1
profoundly,prfdly,1
satellites,stls,1
intoxicating,ntxctng,1
heedless,heedles,1
graduation,gard,3
stratosphere,strato,5
vaccinations,vaccintons,1
etceteras,ETCS,1
perpetually,perptly,1
incorrectly,ncrrctly,1
incendiary,inced,1
interstellar,interstel,1
earmarked,earmrk,1
commercialize,cmmerclze,1
calloused,callsed,1
appropriated,aproprted,1
elephant,elephnt,1
complicating,cmplctng,1
interfering,Intferin,1
ashtrays,ashtrys,1
splashes,Splshes,1
professions,professun,1
sexiness,sxns,1
accelerating,accelerat,5
denouement,dnouemnt,1
monitoring,mntring,1
educationally,edually,1
transportation,transpttn,1
earthenware,erthnwr,1
learning,lrng,1
atonement,atonemnt,1
trafficked,tfkd,1
vignette,vign,1
assignments,assignments,2
credence,cdence,1
mistaken,mtkn,1
analyzes,anlyzs,1
generalizable,gnralzbl,1
interior,int,1
interrogating,intgtg,1
selenium,slnm,1
transmissions,trans,4
narcissism,nrcssm,1
exhibitor,Xibitor,1
dictates,dicts,1
attrition,attrtn,1
respects,rspcts,1
blasphemy,blasp,1
propagating,prpgtin,1
exploratory,Xplrtry,1
assignments,assing,1
democratization,democrtztion,1
regulatory,regltori,1
miseries,msres,1
nantucket,nntckt,1
secondarily,scndarily,1
measurements,mmts,2
trustworthy,trstwrthy,3
paradoxes,parado,1
omnipotent,omniptnt,1
ministering,ministrng,1
intending,ntndg,1
attaches,atchs,1
nighttime,nitetym,1
familial,Fmlal,1
initiated,inititd,1
weakness,weakns,1
interval,ntrvl,1
handlebar,hndlbr,1
battalion,batyalon,1
instrumentation,instation,1
sheppard,sheps,1
customized,cstumizd,1
complements,COMPLMNTS,1
reimbursement,rimbrsmnt,1
precipitate,pcpt,1
cautions,cauts,1
differences,dffrences,1
individualism,indvdlsm,1
emanates,emnts,1
dichotomy,dikotome,1
hierarchical,hiaracl,1
intention,intntn,1
deciphered,Deciferd,1
descriptors,Decr,1
signatures,sigs,1
sunflowers,snfws,1
grandsons,grndsns,1
auditioned,Auditned,1
ligaments,lgmts,1
jousting,jstng,1
ointment,otmt,1
perturbed,PT,1
superconducting,suprconductin,1
negligent,nglgnt,1
chestnut,chstnt,1
coincidentally,coincdntly,1
extraterrestrial,etrstl,1
hysterectomy,Hysttomy,1
forensic,gfg,1
exploits,xploits,1
harmonized,hrmnzd,1
enchanted,nchantd,1
turbines,t'bines,1
nonsensical,nonsnscl,1
subscribing,subscr'g,1
licorice,l'ice,1
reflected,Reflted,1
converters,cnvrtrs,1
consoling,conslng,1
sleeping,ping,1
corrective,rectifies,1
rehabilitative,rehab've,1
dreamers,drmrz,1
hydrocarbons,hydrocrbns,1
ushering,ushrin,1
occupiers,upiers,1
mythical,mytcal,1
earmarks,rmrks,1
anaerobic,anrobic,1
circumstance,circmstnce,1
acceleration,acc,9
yesterday,y'day,1
shipment,shpmnt,1
synonyms,Syn.,1
chechnya,chekna,1
greedily,greedily,1
allocates,allocates,1
blossomed,blsmd,1
erickson,rksn,1
breached,brchd,1
escalates,esclts,1
objections,objet,1
collagen,cllgn,1
dealerships,dships,1
widening,Widnin,1
professionally,prfssnly,1
headline,hdln,1
infighting,internal rowing,1
interdependent,intdent,1
shuttered,shtrd,1
unmitigated,nmtgtd,1
unmarried,unm,1
inflationary,infltnr,6
hypnotic,hyptc,1
structure,sttre,1
littlest,Lillest,1
interchange,interchang,1
youthful,youth,1
antibacterial,antibac,1
atmospheric,atmsprc,1
extracts,xtrct,1
fiddling,fdlng,1
educationally,erssa,1
plotting,plotng,1
pantsuit,pntst,1
robberies,robrys,1
excursions,xcrsns,1
pedestrians,peds,14
ericsson,ercsn,1
aqueduct,aquadct,1
communicator,comun,1
enrollments,enroll's,1
escalators,scaltrs,1
nicaraguan,nicraguan,1
interstellar,intslr,1
shoelaces,shola,1
interdependent,intrdpn,10
overreact,oract,1
pretentious,pretent,1
julianne,juliane,1
unaccountably,unacontbly,1
organisms,orgnsms,1
shutdown,shtdw,1
automotive,autotive,2
wanderer,wand'r'r,1
apprenticed,Apprnticd,1
suppressing,spprssg,1
confidante,cnfdnte,1
shortchanged,shrtchngd,1
instrumentation,instrmntation,5
symmetrical,SYM,1
institutionalize,instl,1
strolled,strlld,1
paramedic,prmdc,1
audition,ADT,1
linguine,lingui,1
demonstrably,dmonstrbly,1
civilians,cvlns,1
elemental,elmntl,1
valparaiso,vlprs,1
instructional,instructional,1
bertrand,Btrnd,1
swallows,swallws,1
constellations,cnstlls,1
obstruction,obtcn,1
surcharge,srchg,1
postmodernism,Pstmdrnsm,1
policeman,plcemn,1
conditions,cndtion,1
sociocultural,sociocutural,1
industrialized,indstrlized,6
locomotive,locomtv,3
cranking,crankn,1
inebriated,inebrted,1
explorations,explrtn,3
circumstance,circstc,1
newsrooms,nsrooms,1
penetrating,pntrg,1
excoriated,xcortd,1
somersaults,Smrslts,1
mckinsey,mcknsy,1
compression,cmpreshn,1
skeletons,Skltns,1
relations,rellies,1
introspection,ntrospctn,1
irrefutable,irrftbl,1
instructional,instrnl,1
observatory,obsty,1
preoccupied,preocc'd,1
distinguished,dstngsh,1
enrollment,enrollmnt,4
signaled,Sgnld,1
coastline,c'line,1
industrialized,indust,4
patching,ptchng,1
corrupted,crptd,1
socialization,socialzation,1
churches,chchs,1
announcement,nouncie,1
manipulation,manipltn,1
shuffled,sfld,1
interstellar,intrstllr,1
anthropogenic,antpgnic,1
ridiculing,ridculng,1
whitecaps,Whtcps,1
departments,dprtmn,1
horsepower,hspwr,3
painfully,painf'y,1
democratization,dmcrtzt,6
unfeeling,unf'g,1
decently,dctly.,1
shiitake,shiitk,1
eschewing,eskew,1
fabulously,fbsly,1
gardener,gardnr,1
defamation,dfmtn,1
laborers,labers,1
committee,mittee,1
internationally,interna,7
bavarian,BVN,1
descending,Dscendng,1
germanic,germnc,1
interdependent,interde,2
extending,extng.,1
sausages,saug,1
formerly,frmrly,1
opinions,opns,1
downwards,dwnwrds,1
constellations,constel,4
harshness,hrshns,1
unsympathetic,Unsymtetic,1
retaining,retaing,1
magnifying,MAGNFYNG,1
entitlement,entime,1
integrity,itgt,1
manufacture,manfctr,2
releases,rleases,1
outcasts,outksts,1
dictatorship,dicttrship,2
bottomed,btomd,1
accelerating,acclrtng,2
redeeming,redeming,1
melodramatic,mldrmc,1
relativism,relatvism,1
socialization,soclization,1
windshield,windshield,1
painterly,paintrly,1
relating,rlting,1
trustworthy,trwthy,2
whatsoever,whtsvr,1
dictatorship,dict'ship,1
challenging,Chllng,1
mulching,mlching,1
undergraduate,ndrgrad,3
statements,stmts,1
tiresome,tirsm,1
instrumentation,instrument,4
weinstein,weinstn,1
signature,sig.,1
congratulate,crgratulate,1
withdrawals,wthdrwls,1
observatory,observtry,2
challengers,chllengrs,1
bathrooms,bthrms,1
teenager,TA,1
operator,oprtr,1
etiology,etlg,1
suspicions,suspcns,1
ammonium,amonium,1
branching,brnchng,1
incumbency,Ncmbncy,1
outfitter,otftr,1
backgrounds,bgds,1
enviable,nviabl,1
playwright,pwrg,1
shoestring,shstrng,1
incinerator,incnrator,1
wainwright,wnwrght,1
protective,prtv,1
intrigue,intrg,1
himalayas,hmlys,1
laboratory,lab,12
polished,polished,1
meandering,meandrng,1
stupendous,stupds,1
pasadena,Psdna,1
vocational,vocatio,4
prosecuted,prosctd,1
purposeful,prpsfl,1
necessary,ncssry,1
disposal,dsposal,1
interdependent,intrdpndnt,4
recoveries,recveris,1
illogical,ILL,1
synapses,snpss,1
refractor,refract'r,1
atmospheric,atmsp,1
soulless,soules,1
plastered,plastd,1
extracurricular,xcurriclr,1
conferred,confrd,1
telescopes,telscps,3
transportation,transpo,9
changeover,chgovr,1
inundated,indated,1
invested,ivstd,1
mechanically,mechncly,1
transcending,trnsendn,1
comprehension,comp,15
repentant,rptnt,1
parliamentary,parlmt,2
idleness,IDLN,1
disguises,dsgs,1
enrollments,enrllmnts,4
houghton,htn,1
unsightly,usgtly,1
extracurricular,xtrcriclr,1
collisions,col,1
substantiated,subtttd,1
friendships,frndshps,1
chanting,chntng,1
jonesboro,jnsbr,1
bottomless,btmlss,1
virginia,virg.,1
milligrams,mgs,1
magnificently,mgnfcently,1
workforce,wkfc,1
channeling,chnlng,1
pittsburg,PGA,1
significantly,sgnfcntly,1
littleton,richwhiteville,1
edmonton,edmntn,1
networking,ntwrkng,1
lombardi,lombrdi,1
appellation,apelatn,1
mechanical,mec,1
craftsman,crftmn,1
necrosis,ncrsis,1
telescopes,telescopes,1
insulted,insltd,1
compartment,comptmnt,1
givenchy,gvnchy,1
incident,incdnt,1
foreseeable,frcabl,1
principals,princip,4
eggplant,e'plant,1
educationally,educ'ally,1
detainees,captive,1
equalizer,equlizr,1
reevaluated,REVA,1
purchases,prcheses,1
boundaries,Bundries,1
researches,rschs,1
negotiations,negotiations,1
childhoods,chdhds,1
blacklisted,blklstd,1
exploration,xplortn,3
exploration,xplrtn,2
suspected,Susptd,1
groundwater,grdwtr,1
curative,crtv,1
monetary,mntry,1
straightforward,easy,1
excitedly,execitedly,1
multifaceted,mulceted,1
commensurate,cmensurate,1
microorganisms,mcrorgnsms,1
totenberg,totbr,1
undertaking,undrtking,2
instructors,nstrctrs,1
modified,modyfyd,1
compartment,cmptmt,1
confiscation,confscation,1
orchestras,orchstr,1
cooperatively,cooptvly,1
discounted,dscntd,1
alpharetta,alpheta,1
extracurricular,xtracurclr,1
significance,sgnfcan,1
translates,trnslt,1
expansions,xpnsns,1
components,compnent,1
opposition,opposit,2
politico,polit,1
multiculturalism,mltclsm,1
cripples,crppl,1
politburo,poli,1
christmases,xmases,1
vampires,vmprs,1
vaporized,vprzd,1
programmable,prgrmmbl,1
jennifer,jennfr,1
artificial,artfcl,1
conjuring,conjre,1
atmospheric,atmsphr,7
loadings,ldngs,1
manufacturing,manufac'ing,1
commemorating,commem,1
resonances,rsonancs,1
detectives,dtctvs,1
telescopes,telscopes,4
geologists,geo,1
constitution,cnstution,1
experiments,exprmnt,2
stratification,stratfn,1
peacefully,pcflly,1
summarized,summrizd,1
dissented,disent,1
acceleration,acc'n,1
moustache,mustch,1
decentralized,decentra,1
racetrack,rctk,1
unaccustomed,unacc,1
mechanically,mchniclly,1
manufacture,manfc,1
studiously,studusle,1
external,xtrnal,1
forgiveness,fgvnss,1
cartoonists,crtnists,1
metalwork,mtlwk,1
knockoff,nkoff,1
italians,itals,1
separatists,sprtists,1
intended,in10ded,1
environment,nvrmnt,1
tomlinson,tmlnsn,1
multiplex,m'plex,1
refreshment,fresh,1
vocational,voc,5
storytelling,strytllng,1
countered,Ctrd.,1
fountains,fntns,1
rattlesnakes,ratsnake,1
iconographic,ICNGRPHC,1
pedestrians,pdstrians,4
instrumentation,instru.,1
worthless,wrthls,1
complicates,cmplcts,1
whitewater,rafting,1
bulletin,bletn,1
principals,prins,2
depressions,dpssions,1
excellent,exclnt,1
listings,lstgs,1
mechanical,mechanica,1
augmenting,augumntng,1
reportage,reportage,1
spoonfuls,spnfls,1
briefcases,briefecases,1
speechless,spchles,1
explorations,xplrations,2
rostenkowski,rostkow,1
switches,Swts,1
conversation,cnvsatn,1
matchbox,mtchbx,1
mutuality,mutualty,1
honeymoon,hnmn,1
graveyard,grvyd,1
instrumentation,instrum,2
paternal,p'nal,1
landlord,lndlrd,1
inadequacy,inadqcy,1
whiteness,Whtnes,1
coefficients,COEFF,1
inventions,Invntns,1
investment,invstmnt,5
thickens,thckns,1
seagulls,seagls,1
theatrics,thtrcs,1
promiscuous,promicus,1
inquiries,inqures,1
nonsense,nsense,1
unforgettable,Unfrgtbl,1
footsteps,ftstps,1
persevered,persvrd,1
observations,obs,1
measurements,msrmnts,8
pregnancy,Prgnncy,1
situational,Situatnl,1
pesticide,pestcde,1
crinkled,ciked,1
ameliorate,mliorte,1
democratization,democracy,1
fullness,fllnss,1
assumptions,assmptns,1
frivolity,frvlty,1
facsimile,fcsml,1
socialization,socializtn,1
enrollments,enrlts,1
perished,perishd,1
manslaughter,mnslghtr,1
engaging,engagng,1
amicably,mcbly,1
experiments,xperimnts,2
internationally,intl,3
flaunting,fluntng,1
injecting,injctg,1
observatory,obsrvtry,5
spontaneity,Spntanity,1
cabbages,cbgs,1
chugging,chgg,1
liberally,Libra,1
positively,pstvly,1
internalize,intrnalyz,1
demanded,dmnded,1
automotive,auto,12
stringer,stngr,1
criminality,crmnality,1
industrial,indstrl,4
university,uni,6
ukrainian,ukrn'n,1
manufacturers,mnfctrs,1
denomination,dnmntn,1
hardware,Hdwr,1
stunningly,stnnly,1
goldfish,gldfsh,1
reinvent,reivnt,1
frequent,fqnt,1
delivers,dlvrs,1
transmissions,tmissions,1
university,unv,1
extracurricular,extracurr',1
offscreen,offsn,1
endpoint,endpt,1
comforting,cmfrtng,1
emeralds,emelds,1
constellations,const,1
showcase,shocse,1
registering,rgstrng,1
masterful,Mstrfl,1
foundered,Fdered,1
explorations,expl,2
mastercard,mstrcard,1
solicitor,slctr,1
instructional,nstrucnal,7
enrollments,enrlmts,1
implicate,mplct,1
processors,process,1
gathering,gthrng,1
educations,eds,1
citizenry,ctzny,1
vocational,voca,19
reformation,refrmation,1
archived,archi,1
unseemly,unsmly,1
protocol,prot,1
receptivity,rcptvty,1
snowball,snwbll,1
pedaling,pedlg,1
asparagus,Asrgs,1
cheshire,Cheshr,1
destabilized,dess,1
structural,struktrl,1
correlation,corlat,1
benediction,bent,1
anarchists,anrchsts,1
virulent,vrlnt,1
shepherded,shprd,1
whooping,whop,1
silverman,silvrmn,1
immersing,imrsng,1
reinstatement,rittt,1
detecting,dtctin,1
dishonorable,dsnrble,1
rearranging,rearrangng,1
commenting,Comm'g,1
roundness,rndns,1
conclusions,clusions,1
particles,prtcl,1
partnering,prtnring,1
defenseless,defensls,1
bookstores,bookstrs,1
schoolchildren,schlchl,5
gangrene,gangrne,1
ascending,ascdng,1
numerous,numrs,1
unpatriotic,nptriotc,1
blackest,blkst,1
unambiguously,unambig,1
deodorant,deodrnt,1
graduation,grad,3
accelerating,acclrng.,1
reserves,reservs,1
resource,rsrce,1
subsidiaries,subsid,1
handwriting,hndwg,1
unpredictable,unprdctbl,1
foundation,fdt,1
weaknesses,flaws,1
belongings,Blngngs,1
mcdonald,maccas,1
arrogantly,arrogntly,1
mechanically,mechally,3
transports,trnps,1
horsepower,hrsepwr,1
protestants,prtstnts,1
phenomenon,fenomnon,1
villages,village,1
centralization,Cntrliztn,1
mechanically,mechanica,1
stampede,stmped,1
jurisprudence,jurisdence,2
astounding,astnding,1
medieval,mdval,1
elevation,elvtion,1
graciousness,gracas,1
salisbury,slsbry,1
interrogated,interroed,1
euphemistically,ephcy,1
guesthouse,Ghouse,1
machined,machned,1
frankenstein,fknst,1
immigrants,imgrnts,1
seatpost,stpost,1
mouthing,mthng,1
multifaceted,mfaceted,5
provocatively,prvocatvly,1
muscular,msclr,1
conductivity,condctvy,1
fingerprints,fp,1
exploration,expl.,3
invented,INV,1
surrogate,srrogte,1
outgrown,outgrwn,1
announcer,anouncr,1
drizzled,drzzld,1
scarecrow,Scrcrw,1
depraved,DPRVD,1
schaffer,Shfer,1
frustratingly,frustngly,1
choruses,Chrs,1
cookbooks,cokboks,1
inhabits,ihbts,1
prompted,prmt,1
metaphors,metaphors,1
mouthpiece,moutpie,1
stewardship,stewship,1
dominique,dmq,1
dealerships,dealrshps,3
parkinson,prksn,1
confucian,cnfcn,1
manufactured,mnfctd,1
kindergarten,kg,2
culpepper,clpeppr,1
redemption,demption,1
democratization,democra,8
deletion,dltn,1
accelerating,accel.,1
legislator,leg,1
smallish,smllsh,1
horsepower,horspwr,1
bestsellers,Bstsler,1
inversely,nvrsly,1
stirrups,rups,1
undercutting,udctng,1
emigration,emgtn,1
chessboard,chsbrd,1
martyred,matred,1
downward,downw,1
exploration,explr,3
trustworthy,trustworthy,1
kuwaitis,kwts,1
courtyards,crtyrds,1
restaurants,rtrts,1
magnetism,mgntsm,1
expeditiously,expedeslee,1
searched,srchd,1
daughters,daugs,1
spirituality,sprtlty,1
bedsheets,bedshts,1
escapees,xcpees,1
rendezvous,rendzvs,1
ejection,ejctn,1
technicality,Techlity,1
criminals,crime,1
resiliency,rsilncy,1
unhooked,unh'd,1
cavernous,cvns,1
glimpsing,gl'ing,1
culpability,clpblty,1
extramarital,xtramrtl,1
flowered,flwrd,1
octagonal,octgnl,1
unabomber,UBMBR,1
connecting,cnnctng,1
substrate,sbstr,1
postulates,pstls,1
extortion,extor,1
inexhaustible,nxhuastble,1
editorials,edits,1
opposition,oppstion,2
unrequited,unriqted,1
neediest,ndst,1
overcast,ovcast,1
extracurricular,extrcrr,7
bounding,bnding,1
colonization,clnztns,5
misperception,msprcptn,1
crouches,crawchs,1
confuses,cnfss,1
supplant,supplt,1
perspiration,perspn,1
multiplied,multp,1
executioner,execu,1
laboratory,laborat,2
waitressing,waitrsng,1
unyielding,unylding,1
cristina,crstn,1
signatories,SIGNT,1
geopolitical,geopoli,11
quivered,QVRD,1
accelerating,accelrtg,1
eventual,evtl,1
effective,fvtce,1
gwinnett,gwi,1
lectured,lectrd,1
electrocuted,elctroctd,1
industries,ind.,1
fecundity,fecundty,1
appointee,Apnte,1
principal,prncpl,1
concurrent,current,1
sedatives,sedtvs,1
licensure,licensre,1
hindered,hndrd,1
assignments,assig,1
compounded,cmpded,1
sounding,soundin,1
immature,imature,1
tiredness,tiredns,1
penalize,penli,1
pinkerton,pinkrtn,1
riverdale,rvrdl,1
cummings,cumm,1
reformist,rfmst,1
atmospheric,atmsphrc,6
everglades,evrglds,1
hitching,htchng,1
electrolyte,e'lyte,1
microchip,MCRCHP,1
pressurized,PRZZED,1
polluter,plltr,1
individualistic,indvdls,1
pretended,ptdd,1
geopolitical,geopol.,1
colonization,colonztn,4
facetious,fctus,1
novelties,nvlties,1
paintings,pntings,1
impoverished,impvrisht,1
contextualized,contex,1
designates,desnates,1
wealthiest,wthst,1
epitomizes,eptzs,1
extraterrestrial,extrate,1
inexorably,inxrably,1
impressions,imprssns,1
tortures,toru,1
riverbanks,rvrbnks,1
discovered,Dscvrd,1
flaxseed,flas,1
dissolves,DISS,1
sweatshirt,awatshrt,1
fingernails,fngrnails,1
workaday,wkdy,1
characterize,characterize,1
precocious,Preco,1
invoking,nvkng,1
involves,invlvs,1
outfitted,otftd,1
journals,jrnls,1
strategies,Stragy,1
restrict,rstrct,1
multifaceted,mulced,1
escalation,ESC,1
undergraduates,undergrads,6
hargrove,hargrov,1
barracks,brrcks,1
ambulance,amblnce,1
exclaiming,exclming,1
sunnyvale,snyvle,1
withheld,wthd,1
applause,appls,1
undergraduates,undergr,4
jordanian,Jordan,1
parliamentary,parl.,1
biodiversity,biodi,1
positions,pstions,1
annandale,ndal,1
correctness,crrtns,1
handpicked,hndpckd,1
antiquity,antiqty,1
converse,cnvrse,1
readying,rdying,1
concomitant,CCT,1
occupied,occ,1
ambiance,ambc,1
straightened,strghtnd,1
weddings,wddngs,1
flitting,ftng,1
figurines,fgrns,1
backwaters,Bckwtr,1
creosote,crste,1
gradient,grdnt,1
avocation,Avocatn,1
thermodynamics,thdycs,1
posthumous,posthum,1
shoveling,shvlng,1
instrumentation,instru,1
lighthearted,lithart,1
hauntingly,haunt'ly,1
valuation,valu,1
vaudeville,vdvlle,1
doorframe,drfrm,1
nightmarish,ntmrsh,1
groceries,groc,1
collisions,collisi,2
attentive,attntv,1
brawling,brwlng,1
ascertain,ascrtn,1
heartily,hrtily,1
industrial,indust,3
software,sftwre,1
dialysis,dlys,1
industrialized,indstrl,5
expeditions,expeds,1
stirring,strrng,1
undertaking,undertaking,1
snuggling,SNG,1
appreciated,app.,1
university,univty,2
feinberg,fnbrg,1
comforted,Cmfrtd,1
pedophiles,pedo's,1
coursing,corsng,1
microorganisms,micorgan,1
smoother,smoothy,1
xiaoping,xipng,1
evaporate,evaprate,1
mechanically,mech,9
negligible,nglbl,1
modulation,modlaton,1
representatives,reps,1
threaded,thrdd,1
decentralized,dectlzd,1
performance,pfmnc,1
sometime,smtim,1
obsessions,obs,1
geopolitical,gplticl,1
bellingham,bellghm,1
preventative,pr'v'tive,1
inflationary,infl,4
noticing,ntcing,1
fulbright,flbrite,1
meteorological,meteorlgcl,1
dullness,dulns,1
theological,theolgcl,2
pinching,p'ching,1
undergraduate,ungrd,1
meteorological,weather,1
manipulation,manpultion,3
disobedience,dobdience,1
brainwashed,brnwshd,1
enrollment,enrllmn,4
factories,fctrs,1
shorthand,shthnd,1
statesmanship,leadership,1
clarinet,clrnt,1
linguist,lngist,1
investment,invsmnt,1
sportsmanship,SPRTMNSHP,1
formation,frmtn,1
windshield,wdshld,3
carcinogens,crcngns,1
marrying,MARYNG,1
inversion,invrsn,1
bioterrorism,biotrrism,1
assignments,assgnmnts,6
verifying,varfie,1
colonization,coloniz,3
explorations,explorat,5
quickest,quik,1
credentialing,crdntlng,1
parliamentary,parliam,4
prescribes,prscrbs,1
scrapbook,scrpbk,1
gingerly,giny,1
splendid,splndd,1
jeopardized,jeopard'zd,1
monogamy,mnogmy,1
dissonance,dissnce,1
ayatollah,aytlh,1
stocking,stckng,1
experiential,xperinaton,1
clandestine,cland'ne,1
hawthorn,hwthn,1
bothersome,bthrsm,1
homesick,hmsck,1
peephole,ppge,1
indebted,indbtd,1
pedestrians,walk,3
undeniable,undb,1
tactfully,tact'y,1
managers,mngrs,1
satisfaction,satfaction,1
firestorm,frstm,1
contributors,cntrbtrs,1
crustaceans,CRST,1
returnees,rtrnees,1
stammered,stam'ed,1
underwriting,underwrtng,1
reworking,rwkg,1
landfill,lndfll,1
terminus,term.,1
denounce,dnnce,1
manufacture,mnfr,1
resigning,Res.,1
moistened,mstnd,1
sandbags,sanbags,1
goaltender,gltndr,1
attracts,attcts,1
cascaded,cscadd,1
miniscule,mini,1
signifies,signfies,1
watertown,watrton,1
misunderstood,misuderstd,1
unstable,unstb,1
sedentary,sedtry,1
decentralized,decntrlzd,1
takeover,takovr,1
worldview,wodvi,1
euphemism,Epmism,1
selection,slction,1
irresistible,irstble,1
slaughtered,slghthed,1
preferably,pfby,1
stratosphere,strat,2
cushions,cushs,1
reimburse,reimb,1
permanente,Permntnt,1
misogynist,msognst,1
reversals,rvsrls,1
windshield,wndshld,10
unmarked,umkd,1
carolinas,crlnas,1
expressionless,xprez,1
endorsed,endrsd,1
introductory,INTDCTRY,1
annoying,irratating,1
complies,complies,1
contaminants,contmints,1
palmetto,Pamito,1
michelangelo,mclnglo,1
winchester,wnchstr,1
antigovernment,antigvt,1
barriers,brrirs,1
soybeans,sybns,1
ambushes,mbu,1
straggling,Stragg,1
sustainability,sstnblty,1
pandering,pander,1
collisions,collsn,2
mercantile,merc,1
commences,cmnces,1
magnificence,mgnificnce,1
dramatist,draist,1
interstellar,intrstllar,2
imaginary,imgnry,1
newsprint,nwsprnt,1
exterminated,Extd,1
reminding,rem,1
transmissions,transmi,7
priceless,pricelss,1
polynesian,polynesian,1
epidemiology,epdmgy,1
disposing,dispng,1
transformer,trnsfrmr,1
permutations,perms.,1
undetected,undtcd,1
increments,incrmts,1
succinct,ssnt,1
isabelle,isabll,1
restriction,Rstn,1
unnerved,unnervd,1
unsatisfactory,unsfry,1
precision,prcsn,1
unreported,unrprted,1
dominating,dminatng,1
marathons,marths,1
observatory,obsvty,1
giraffes,grffs,1
ethnicity,heritage,1
monumental,monumtl,1
reflecting,rfltng,1
accelerating,accl,1
puzzling,puzzlng,1
simpsons,smps,1
exemplifies,exelfs,1
requiring,rqrng,1
inertial,nrtl,1
undergraduates,ndrgrads,1
embroidered,embrdrd,1
manchester,mnchstr,1
intestines,intsnes,1
attendant,attndnt,1
temperatures,peratures,1
transferable,trancefrable,1
solidified,solidfi,1
consuming,cnsmng,1
constitution,contution,2
counterattack,Countatak,1
pomegranates,pomegranats,1
pharmacy,phrmcy,1
severance,svrns,1
hesitation,hstn,1
undifferentiated,undiferd,1
plummeted,Plmted,1
problems,prblms,1
diverging,dvrging,1
unruffled,unrfld,1
exhaling,EXHG,1
melancholic,mlnchlc,1
overhanging,ovrhngng,1
gravitational,grvtnl,1
conveyance,convyce,1
inflationary,inflationary,4
costello,COSTLLO,1
strategist,strat,1
teachable,teachbl,1
pontificate,PNTF,1
optional,optnl,1
lockdown,lkdwn,1
enrollment,enrolmnt,1
educationally,edu,6
convinces,Convnc,1
unadorned,ud,1
inherits,inhrts,1
dictatorship,dicship,1
intonation,intntn,1
delicate,dlcat,1
motivation,motvtn,1
makeovers,mkovr,1
immaterial,im'terial,1
residence,res,1
lamentable,lmntble,1
emerging,emerge,1
reliability,relblty,1
mockingbird,mckgbrd,1
proofread,prfrd,1
highlights,highlghts,1
urbanization,urbzatn,1
speedily,sp'ly,1
diplomatic,dplmtc,1
inflationary,inflatnary,2
subcommittees,subcom,1
experiments,expmts,2
implication,impl'n,1
fragrance,frgrnc,1
expansive,EXS,1
meditative,medttve,1
untroubled,ntroubld,1
industrialized,industrializ,2
quantify,QUANTFY,1
moratorium,mtrm,1
decentralized,decenlized,3
decentralized,decntrlized,1
democratization,dem,1
microorganisms,microorganisms,2
pathetically,patheticly,1
unfailing,unfailng,1
gravestone,grvstne,1
newsstand,nwsstnd,1
pristine,prstne,1
proposals,ppsl,1
snatched,snatcd,1
compelled,cmpeld,1
manifest,mnft,1
